{
    "smCompetitivePricing":{
        "source":"simulation_models/competitive_pricing.stmx",
        "model":"simulation_models/competitive_pricing",
        "base_constants":{
              "marketShockOn":0,
              "sizeOfShock":50
        },
        "base_points":{
            "effectOfProfitabilityOnCapacityUtilization":
            [
                [0.0, 0.324],
                [0.16666666666666666, 0.33],
                [0.3333333333333333, 0.372],
                [0.5, 0.394],
                [0.6666666666666666, 0.41],
                [0.8333333333333334, 0.42],
                [1.0, 0.5],
                [1.1666666666666667, 0.745],
                [1.3333333333333333, 0.80075],
                [1.5, 0.8565],
                [1.6666666666666667, 0.91225],
                [1.8333333333333333, 0.968],
                [2.0, 0.968]
            ],
            "effectOfRelativeValueOnDemand" :
               [
                   [0.0, 0.17],
                   [0.16666666666666666, 0.191],
                   [0.3333333333333333, 0.213],
                   [0.5, 0.277],
                   [0.6666666666666666, 0.351],
                   [0.8333333333333334, 0.479],
                   [1.0, 1.0],
                   [1.1666666666666667, 1.362],
                   [1.3333333333333333, 1.479],
                   [1.5, 1.574],
                   [1.6666666666666667, 1.638],
                   [1.8333333333333333, 1.66],
                   [2.0, 1.66]
               ] 
            ,
             "effectOfInventoryCoverageOnPrice" :  
                  [
                      [0.0, 1.404],
                      [0.16666666666666666, 1.415],
                      [0.3333333333333333, 1.404],
                      [0.5, 1.372],
                      [0.6666666666666666, 1.351],
                      [0.8333333333333334, 1.277],
                      [1.0, 1.0],
                      [1.1666666666666667, 0.787],
                      [1.3333333333333333, 0.55],
                      [1.5, 0.4],
                      [1.6666666666666667, 0.34],
                      [1.8333333333333333, 0.298],
                      [2.0, 0.298]
                  ] 
        },
        "scenarios":{
            "base":{
          },
            "marketShock":{
                "constants":{
                    "marketShockOn":1
                }
            },
           "availabilityLoop":{
               "constants":{
                    "marketShockOn":1
                },
               "points":{
                      "effectOfProfitabilityOnCapacityUtilization" : 
                       [
                           [0.0, 0.5],
                           [0.16666666666666666, 0.5],
                           [0.3333333333333333, 0.5],
                           [0.5, 0.5],
                           [0.6666666666666666, 0.5],
                           [0.8333333333333334, 0.5],
                           [1.0, 0.5],
                           [1.1666666666666667, 0.5],
                           [1.3333333333333333, 0.5],
                           [1.5, 0.5],
                           [1.6666666666666667, 0.5],
                           [1.8333333333333333, 0.5],
                           [2.0, 0.5]
                       ],
                    "effectOfRelativeValueOnDemand" :
                    [
                        [0.0, 1.0],
                        [0.16666666666666666,1.0],
                        [0.3333333333333333, 1.0],
                        [0.5, 1.0],
                        [0.6666666666666666, 1.0],
                        [0.8333333333333334, 1.0],
                        [1.0, 1.0],
                        [1.1666666666666667, 1.0],
                        [1.3333333333333333,1.0],
                        [1.5, 1.0],
                        [1.6666666666666667,1.0],
                        [1.8333333333333333, 1.0],
                        [2.0, 1.0]
                    ],
                     "effectOfInventoryCoverageOnPrice" :  
                        [
                            [0.0, 1.0],
                            [0.16666666666666666, 1.0],
                            [0.3333333333333333, 1.0],
                            [0.5, 1.0],
                            [0.6666666666666666, 1.0],
                            [0.8333333333333334, 1.0],
                            [1.0, 1.0],
                            [1.1666666666666667, 1.0],
                            [1.3333333333333333, 1.0],
                            [1.5, 1.0],
                            [1.6666666666666667, 1.0],
                            [1.8333333333333333, 1.0],
                            [2.0, 1.0]
                        ] 
               }
               
           },
           "capacityUtilizationLoop":{
               "constants":{
                    "marketShockOn":1
                },
               "points":{
                      
                    "effectOfRelativeValueOnDemand" :
                    [
                        [0.0, 1.0],
                        [0.16666666666666666,1.0],
                        [0.3333333333333333, 1.0],
                        [0.5, 1.0],
                        [0.6666666666666666, 1.0],
                        [0.8333333333333334, 1.0],
                        [1.0, 1.0],
                        [1.1666666666666667, 1.0],
                        [1.3333333333333333,1.0],
                        [1.5, 1.0],
                        [1.6666666666666667,1.0],
                        [1.8333333333333333, 1.0],
                        [2.0, 1.0]
                    ]
               
           }
           },
             "substitutionLoop":{
               "constants":{
                    "marketShockOn":1
                },
               "points":{
                      "effectOfProfitabilityOnCapacityUtilization" : 
                       [
                           [0.0, 0.5],
                           [0.16666666666666666, 0.5],
                           [0.3333333333333333, 0.5],
                           [0.5, 0.5],
                           [0.6666666666666666, 0.5],
                           [0.8333333333333334, 0.5],
                           [1.0, 0.5],
                           [1.1666666666666667, 0.5],
                           [1.3333333333333333, 0.5],
                           [1.5, 0.5],
                           [1.6666666666666667, 0.5],
                           [1.8333333333333333, 0.5],
                           [2.0, 0.5]
                       ]
               }
               
           }
            
        
    }
}
}
